stage,macro_pr_auc,macro_f1,mcc,macro_precision,macro_recall,log_loss
raw,0.6211271404352259,0.5885567152748544,0.4247923359909884,0.5871140168579969,0.5905615365428072,0.7868760640876585
adjusted,0.6230869029945185,0.5919197259803596,0.43345444931708155,0.5938362634253941,0.5903518571131997,0.7717598081411502
